{"cameraMode":{"drawMode":0,"name":"Shaded","section":"Shading Mode"},"sceneLighting":true,"audioPlay":false,"sceneViewState":{"showFog":false,"showMaterialUpdate":false,"showSkybox":false,"showFlares":false,"showImageEffects":true,"showParticleSystems":true},"in2DMode":false,"pivot":{"x":0.202050119638443,"y":-13.27663516998291,"z":9.862616539001465},"rotation":{"x":0.4459702670574188,"y":0.013706173747777939,"z":-0.006829151883721352,"w":0.8949167728424072},"size":22.0,"orthographic":false}