{"cameraMode":{"drawMode":0,"name":"Shaded","section":"Shading Mode"},"sceneLighting":true,"audioPlay":false,"sceneViewState":{"showFog":false,"showMaterialUpdate":false,"showSkybox":false,"showFlares":false,"showImageEffects":true,"showParticleSystems":true},"in2DMode":false,"pivot":{"x":0.4427855908870697,"y":-2.5174646377563478,"z":-0.5486583709716797},"rotation":{"x":0.41214215755462649,"y":-0.006546872667968273,"z":0.0029627401381731035,"w":0.9110912680625916},"size":22.0,"orthographic":false}