{"cameraMode":{"drawMode":0,"name":"Shaded","section":"Shading Mode"},"sceneLighting":true,"audioPlay":false,"sceneViewState":{"showFog":true,"showMaterialUpdate":false,"showSkybox":true,"showFlares":true,"showImageEffects":true,"showParticleSystems":true},"in2DMode":false,"pivot":{"x":9.142814636230469,"y":20.93404769897461,"z":-8.309432029724121},"rotation":{"x":-0.5557169914245606,"y":-0.036885906010866168,"z":0.02469051256775856,"w":-0.8301858305931091},"size":0.9957067370414734,"orthographic":false}