{"cameraMode":{"drawMode":0,"name":"Shaded","section":"Shading Mode"},"sceneLighting":false,"audioPlay":false,"sceneViewState":{"showFog":true,"showMaterialUpdate":false,"showSkybox":true,"showFlares":true,"showImageEffects":true,"showParticleSystems":true},"in2DMode":false,"pivot":{"x":-0.09839868545532227,"y":1.8531156778335572,"z":-2.1064233779907228},"rotation":{"x":0.32712963223457339,"y":0.030868392437696458,"z":-0.010692105628550053,"w":0.9444146752357483},"size":0.7144709229469299,"orthographic":false}