{"cameraMode":{"drawMode":0,"name":"Shaded","section":"Shading Mode"},"sceneLighting":false,"audioPlay":false,"sceneViewState":{"showFog":true,"showMaterialUpdate":false,"showSkybox":true,"showFlares":true,"showImageEffects":true,"showParticleSystems":true},"in2DMode":false,"pivot":{"x":-0.2534196972846985,"y":0.932889461517334,"z":0.30196452140808108},"rotation":{"x":0.013214069418609143,"y":-0.9867852926254273,"z":0.11479461938142777,"w":0.11358863860368729},"size":3.0232508182525636,"orthographic":false}