{"cameraMode":{"drawMode":0,"name":"Shaded","section":"Shading Mode"},"sceneLighting":true,"audioPlay":false,"sceneViewState":{"showFog":true,"showMaterialUpdate":false,"showSkybox":true,"showFlares":true,"showImageEffects":true,"showParticleSystems":true},"in2DMode":false,"pivot":{"x":4.8115315437316898,"y":-174.36981201171876,"z":0.8108539581298828},"rotation":{"x":0.7003792524337769,"y":0.0074778273701667789,"z":-0.0073369829915463928,"w":0.7136940956115723},"size":201.0440216064453,"orthographic":false}