{"cameraMode":{"drawMode":0,"name":"Shaded","section":"Shading Mode"},"sceneLighting":false,"audioPlay":false,"sceneViewState":{"showFog":true,"showMaterialUpdate":false,"showSkybox":true,"showFlares":true,"showImageEffects":true,"showParticleSystems":true},"in2DMode":false,"pivot":{"x":-0.1130535900592804,"y":6.189059734344482,"z":-21.221656799316408},"rotation":{"x":-0.4025575518608093,"y":0.0019194446504116059,"z":-0.0008443543338216841,"w":-0.915392279624939},"size":3.02325177192688,"orthographic":false}