{"cameraMode":{"drawMode":0,"name":"Shaded","section":"Shading Mode"},"sceneLighting":false,"audioPlay":false,"sceneViewState":{"showFog":true,"showMaterialUpdate":false,"showSkybox":true,"showFlares":true,"showImageEffects":true,"showParticleSystems":true},"in2DMode":false,"pivot":{"x":-3.8931357860565187,"y":6.802521228790283,"z":-2.248385429382324},"rotation":{"x":-0.4310362935066223,"y":-0.34174564480781557,"z":0.18066708743572236,"w":-0.8153386116027832},"size":3.0232596397399904,"orthographic":false}