{"cameraMode":{"drawMode":0,"name":"Shaded","section":"Shading Mode"},"sceneLighting":true,"audioPlay":false,"sceneViewState":{"showFog":true,"showMaterialUpdate":false,"showSkybox":true,"showFlares":true,"showImageEffects":true,"showParticleSystems":true},"in2DMode":false,"pivot":{"x":0.19182002544403077,"y":-503.02630615234377,"z":-22.244049072265626},"rotation":{"x":-0.7229781746864319,"y":-0.026501920074224473,"z":0.027777057141065599,"w":-0.6898033022880554},"size":529.9943237304688,"orthographic":false}