{"cameraMode":{"drawMode":0,"name":"Shaded","section":"Shading Mode"},"sceneLighting":true,"audioPlay":false,"sceneViewState":{"showFog":true,"showMaterialUpdate":false,"showSkybox":true,"showFlares":true,"showImageEffects":true,"showParticleSystems":true},"in2DMode":false,"pivot":{"x":1.8057494163513184,"y":-33.273582458496097,"z":-2.186985731124878},"rotation":{"x":-0.7129446268081665,"y":-0.016389254480600358,"z":0.016672281548380853,"w":-0.7008306384086609},"size":58.62289047241211,"orthographic":false}