{"cameraMode":{"drawMode":0,"name":"Shaded","section":"Shading Mode"},"sceneLighting":true,"audioPlay":false,"sceneViewState":{"showFog":true,"showMaterialUpdate":false,"showSkybox":true,"showFlares":true,"showImageEffects":true,"showParticleSystems":true},"in2DMode":false,"pivot":{"x":7.976569652557373,"y":-403.3521728515625,"z":315.2111511230469},"rotation":{"x":-0.4406709372997284,"y":-0.010234085842967034,"z":0.005024636629968882,"w":-0.8975963592529297},"size":529.9943237304688,"orthographic":false}