{"cameraMode":{"drawMode":0,"name":"Shaded","section":"Shading Mode"},"sceneLighting":true,"audioPlay":false,"sceneViewState":{"showFog":true,"showMaterialUpdate":false,"showSkybox":true,"showFlares":true,"showImageEffects":true,"showParticleSystems":true},"in2DMode":false,"pivot":{"x":172.70559692382813,"y":149.2279052734375,"z":-256.18621826171877},"rotation":{"x":-0.09540674835443497,"y":-0.0018181496998295189,"z":-0.00017399524222128093,"w":0.9954367280006409},"size":53.6827392578125,"orthographic":false}