{"cameraMode":{"drawMode":0,"name":"Shaded","section":"Shading Mode"},"sceneLighting":true,"audioPlay":false,"sceneViewState":{"showFog":true,"showMaterialUpdate":false,"showSkybox":true,"showFlares":true,"showImageEffects":true,"showParticleSystems":true},"in2DMode":false,"pivot":{"x":0.2770254909992218,"y":1.0890798568725587,"z":-1.6465775966644288},"rotation":{"x":-0.2626899182796478,"y":-0.0023188337218016388,"z":0.0006313277408480644,"w":-0.9648773670196533},"size":3.0232596397399904,"orthographic":false}