{"cameraMode":{"drawMode":0,"name":"Shaded","section":"Shading Mode"},"sceneLighting":true,"audioPlay":false,"sceneViewState":{"showFog":true,"showMaterialUpdate":false,"showSkybox":true,"showFlares":true,"showImageEffects":true,"showParticleSystems":true},"in2DMode":false,"pivot":{"x":1.3378715515136719,"y":-1.2751951217651368,"z":-0.03773164749145508},"rotation":{"x":0.3598751127719879,"y":0.3696273863315582,"z":-0.15798775851726533,"w":0.8419651985168457},"size":10.641105651855469,"orthographic":false}