{"cameraMode":{"drawMode":0,"name":"Shaded","section":"Shading Mode"},"sceneLighting":true,"audioPlay":false,"sceneViewState":{"showFog":true,"showMaterialUpdate":false,"showSkybox":true,"showFlares":true,"showImageEffects":true,"showParticleSystems":true},"in2DMode":false,"pivot":{"x":2.136829376220703,"y":-30.804550170898439,"z":3.407942771911621},"rotation":{"x":0.6753461956977844,"y":0.0041843135841190819,"z":-0.00383147899992764,"w":0.7374790906906128},"size":53.6827392578125,"orthographic":false}