{"cameraMode":{"drawMode":0,"name":"Shaded","section":"Shading Mode"},"sceneLighting":false,"audioPlay":false,"sceneViewState":{"showFog":true,"showMaterialUpdate":false,"showSkybox":true,"showFlares":true,"showImageEffects":true,"showParticleSystems":true},"in2DMode":false,"pivot":{"x":0.20606490969657899,"y":2.9441330432891847,"z":-2.9428865909576418},"rotation":{"x":-0.24948836863040925,"y":0.03397940471768379,"z":-0.008759976364672184,"w":-0.967741847038269},"size":3.0232596397399904,"orthographic":false}