{"cameraMode":{"drawMode":0,"name":"Shaded","section":"Shading Mode"},"sceneLighting":false,"audioPlay":false,"sceneViewState":{"showFog":true,"showMaterialUpdate":false,"showSkybox":true,"showFlares":true,"showImageEffects":true,"showParticleSystems":true},"in2DMode":false,"pivot":{"x":3.07283353805542,"y":1.7125438451766968,"z":9.104828834533692},"rotation":{"x":0.0137322461232543,"y":-0.9706060886383057,"z":0.23339636623859406,"w":0.057109277695417407},"size":2.857893466949463,"orthographic":false}