{"cameraMode":{"drawMode":0,"name":"Shaded","section":"Shading Mode"},"sceneLighting":true,"audioPlay":false,"sceneViewState":{"showFog":true,"showMaterialUpdate":false,"showSkybox":true,"showFlares":true,"showImageEffects":true,"showParticleSystems":true},"in2DMode":false,"pivot":{"x":15.49462604522705,"y":-392.2137451171875,"z":332.4300537109375},"rotation":{"x":-0.4230107367038727,"y":-0.01984255388379097,"z":0.009266176261007786,"w":-0.9058600068092346},"size":529.9943237304688,"orthographic":false}