{"cameraMode":{"drawMode":0,"name":"Shaded","section":"Shading Mode"},"sceneLighting":false,"audioPlay":false,"sceneViewState":{"showFog":true,"showMaterialUpdate":false,"showSkybox":true,"showFlares":true,"showImageEffects":true,"showParticleSystems":true},"in2DMode":false,"pivot":{"x":3.3780205249786379,"y":1.7360565662384034,"z":9.439209938049317},"rotation":{"x":0.00035386448143981397,"y":-0.9797690510749817,"z":0.20012377202510835,"w":0.0017358222976326943},"size":2.857893466949463,"orthographic":false}