{"cameraMode":{"drawMode":0,"name":"Shaded","section":"Shading Mode"},"sceneLighting":false,"audioPlay":false,"sceneViewState":{"showFog":true,"showMaterialUpdate":false,"showSkybox":true,"showFlares":true,"showImageEffects":true,"showParticleSystems":true},"in2DMode":false,"pivot":{"x":0.5832609534263611,"y":2.3979063034057619,"z":3.2808327674865724},"rotation":{"x":0.6731063723564148,"y":-0.007784443441778421,"z":0.007085985504090786,"w":0.7394707798957825},"size":1.456597924232483,"orthographic":false}