{"cameraMode":{"drawMode":0,"name":"Shaded","section":"Shading Mode"},"sceneLighting":true,"audioPlay":false,"sceneViewState":{"showFog":true,"showMaterialUpdate":false,"showSkybox":true,"showFlares":true,"showImageEffects":true,"showParticleSystems":true},"in2DMode":false,"pivot":{"x":1.214465856552124,"y":-156.47598266601563,"z":21.57758140563965},"rotation":{"x":0.6573961973190308,"y":0.012412577867507935,"z":-0.010831516236066819,"w":0.7533650398254395},"size":184.47560119628907,"orthographic":false}